source,direction,mcs_table,mcs_index,prb_count,tbs_bits,code_block_size_bits,code_block_count,sinr_db_at_tbler_10pct,fit_method
ns-3-5g-lena,PDSCH,Table 1,0,10,288,400,1,-0.8232340318365794,linear
ns-3-5g-lena,PDSCH,Table 1,0,100,2792,2880,1,-0.8581158306305668,linear
ns-3-5g-lena,PDSCH,Table 1,0,200,5640,2880,2,-0.8275316028686666,linear
ns-3-5g-lena,PDSCH,Table 1,1,10,368,520,1,-0.15854303576889772,linear
ns-3-5g-lena,PDSCH,Table 1,1,100,3752,3840,1,1.0016952334465994,linear
ns-3-5g-lena,PDSCH,Table 1,1,200,7304,3840,2,1.4421460590657287,linear
ns-3-5g-lena,PDSCH,Table 1,2,10,456,600,1,0.5157106904126264,linear
ns-3-5g-lena,PDSCH,Table 1,2,100,4488,2400,2,0.3411561315171575,linear
ns-3-5g-lena,PDSCH,Table 1,2,200,8976,3200,3,0.3417430781593388,linear
ns-3-5g-lena,PDSCH,Table 1,3,10,608,720,1,1.4039407410306706,linear
ns-3-5g-lena,PDSCH,Table 1,3,100,5896,3200,2,1.281590444403372,linear
ns-3-5g-lena,PDSCH,Table 1,3,200,11784,3200,4,1.3042226482797852,linear
ns-3-5g-lena,PDSCH,Table 1,4,10,736,800,1,2.026880621374773,linear
ns-3-5g-lena,PDSCH,Table 1,4,100,7168,7744,1,2.0490594172579137,linear
ns-3-5g-lena,PDSCH,Table 1,4,200,14344,7744,2,2.1402713738325683,linear
ns-3-5g-lena,PDSCH,Table 1,5,10,888,960,1,2.8552692023848874,linear
ns-3-5g-lena,PDSCH,Table 1,5,100,8968,4576,2,3.084129577888005,linear
ns-3-5g-lena,PDSCH,Table 1,5,200,17928,6336,3,2.944219813762103,linear
ns-3-5g-lena,PDSCH,Table 1,6,10,1064,1120,1,3.702868520337647,linear
ns-3-5g-lena,PDSCH,Table 1,6,100,10504,5632,2,3.5702589107314964,linear
ns-3-5g-lena,PDSCH,Table 1,6,200,21000,7040,3,3.6868366241585964,linear
ns-3-5g-lena,PDSCH,Table 1,7,10,1256,1280,1,4.257115852354086,linear
ns-3-5g-lena,PDSCH,Table 1,7,100,12296,6336,2,4.283560980787097,linear
ns-3-5g-lena,PDSCH,Table 1,7,200,24576,8448,3,4.4689045029355015,linear
ns-3-5g-lena,PDSCH,Table 1,8,10,1416,1440,1,4.935575597091817,linear
ns-3-5g-lena,PDSCH,Table 1,8,100,14088,7744,2,4.974361416115844,linear
ns-3-5g-lena,PDSCH,Table 1,8,200,28168,7744,4,4.992035695901218,linear
ns-3-5g-lena,PDSCH,Table 1,9,10,1608,1760,1,5.7628589762524385,linear
ns-3-5g-lena,PDSCH,Table 1,9,100,15880,8448,2,5.922007341903004,linear
ns-3-5g-lena,PDSCH,Table 1,9,200,31752,8448,4,6.00117815832653,linear
ns-3-5g-lena,PDSCH,Table 1,10,10,1608,1760,1,6.398003979302234,linear
ns-3-5g-lena,PDSCH,Table 1,10,100,15880,8448,2,6.522689333818712,linear
ns-3-5g-lena,PDSCH,Table 1,10,200,31752,8448,4,6.618489090355691,linear
ns-3-5g-lena,PDSCH,Table 1,11,10,1800,1920,1,7.097981430065636,linear
ns-3-5g-lena,PDSCH,Table 1,11,100,17928,6336,3,6.973255315546462,linear
ns-3-5g-lena,PDSCH,Table 1,11,200,35856,7744,5,7.075271590033928,linear
ns-3-5g-lena,PDSCH,Table 1,12,10,2088,2240,1,7.877632849238947,linear
ns-3-5g-lena,PDSCH,Table 1,12,100,20496,7040,3,8.019492706748508,linear
ns-3-5g-lena,PDSCH,Table 1,12,200,40976,8448,5,7.977184263806401,linear
ns-3-5g-lena,PDSCH,Table 1,13,10,2280,2400,1,8.572052641738068,linear
ns-3-5g-lena,PDSCH,Table 1,13,100,23040,7744,3,8.621284855486067,linear
ns-3-5g-lena,PDSCH,Table 1,13,200,46104,7744,6,8.651338533542088,linear
ns-3-5g-lena,PDSCH,Table 1,14,10,2600,2880,1,9.643769356433754,linear
ns-3-5g-lena,PDSCH,Table 1,14,100,26120,7040,4,9.505264937810772,linear
ns-3-5g-lena,PDSCH,Table 1,14,200,52224,7744,7,9.564859992826007,linear
ns-3-5g-lena,PDSCH,Table 1,15,10,2976,3200,1,10.463802792472466,linear
ns-3-5g-lena,PDSCH,Table 1,15,100,28680,7744,4,10.5012923391096,linear
ns-3-5g-lena,PDSCH,Table 1,15,200,57376,8448,7,10.695673930936772,linear
ns-3-5g-lena,PDSCH,Table 1,16,10,3104,3200,1,11.017817826615927,linear
ns-3-5g-lena,PDSCH,Table 1,16,100,30728,7744,4,11.164635454893352,linear
ns-3-5g-lena,PDSCH,Table 1,16,200,61480,7744,8,11.192205639334654,linear
ns-3-5g-lena,PDSCH,Table 1,17,10,3104,3200,1,11.737708019916969,linear
ns-3-5g-lena,PDSCH,Table 1,17,100,30728,7744,4,11.904534249444874,linear
ns-3-5g-lena,PDSCH,Table 1,17,200,61480,7744,8,11.919476226000503,linear
ns-3-5g-lena,PDSCH,Table 1,18,10,3368,3520,1,12.415696651607899,linear
ns-3-5g-lena,PDSCH,Table 1,18,100,32776,8448,4,12.458445686423687,linear
ns-3-5g-lena,PDSCH,Table 1,18,200,65576,8448,8,12.471309893715562,linear
ns-3-5g-lena,PDSCH,Table 1,19,10,3624,3840,1,13.310412578435816,linear
ns-3-5g-lena,PDSCH,Table 1,19,100,35856,7744,5,13.387324996397362,linear
ns-3-5g-lena,PDSCH,Table 1,19,200,71688,8448,9,13.525880198343264,linear
ns-3-5g-lena,PDSCH,Table 1,20,10,3968,4224,1,14.427263557518664,linear
ns-3-5g-lena,PDSCH,Table 1,20,100,39936,8448,5,14.488878197826772,linear
ns-3-5g-lena,PDSCH,Table 1,20,200,79896,8448,10,14.542282115692327,linear
ns-3-5g-lena,PDSCH,Table 1,21,10,4352,4576,1,14.963668131265216,linear
ns-3-5g-lena,PDSCH,Table 1,21,100,43032,7744,6,15.273495489840245,linear
ns-3-5g-lena,PDSCH,Table 1,21,200,86040,8448,11,15.579372978101135,linear
ns-3-5g-lena,PDSCH,Table 1,22,10,4608,4928,1,15.926648021206837,linear
ns-3-5g-lena,PDSCH,Table 1,22,100,47112,8448,6,16.160794863130892,linear
ns-3-5g-lena,PDSCH,Table 1,22,200,94248,8448,12,16.26803127300098,linear
ns-3-5g-lena,PDSCH,Table 1,23,10,4992,5280,1,16.945864721520294,linear
ns-3-5g-lena,PDSCH,Table 1,23,100,50184,8448,6,18.753734613596773,linear
ns-3-5g-lena,PDSCH,Table 1,23,200,100392,8448,12,18.96422329490764,linear
ns-3-5g-lena,PDSCH,Table 1,24,10,5376,5632,1,17.94630640283662,linear
ns-3-5g-lena,PDSCH,Table 1,24,100,54296,8448,7,20.14598357665596,linear
ns-3-5g-lena,PDSCH,Table 1,24,200,108552,8448,13,20.32915640789299,linear
ns-3-5g-lena,PDSCH,Table 1,25,10,5760,6336,1,18.78035402853044,linear
ns-3-5g-lena,PDSCH,Table 1,25,100,57376,8448,7,21.062650094695314,linear
ns-3-5g-lena,PDSCH,Table 1,25,200,114776,8448,14,21.278450596037775,linear
ns-3-5g-lena,PDSCH,Table 1,26,10,6144,6336,1,19.764705520781042,linear
ns-3-5g-lena,PDSCH,Table 1,26,100,61480,7744,8,19.963831743910053,linear
ns-3-5g-lena,PDSCH,Table 1,26,200,122976,8448,15,22.389356122930597,linear
ns-3-5g-lena,PDSCH,Table 1,27,10,6400,7040,1,20.933516390267513,linear
ns-3-5g-lena,PDSCH,Table 1,27,100,63528,8448,8,23.58742804944251,linear
ns-3-5g-lena,PDSCH,Table 1,27,200,127080,8448,16,23.85752620716691,linear
ns-3-5g-lena,PDSCH,Table 1,28,10,6656,7040,1,25.011852295513137,linear
ns-3-5g-lena,PDSCH,Table 1,28,100,67584,7744,9,26.31407552760131,linear
ns-3-5g-lena,PDSCH,Table 1,28,200,135296,8448,17,26.83264520050134,linear
ns-3-5g-lena,PDSCH,Table 2,0,10,288,400,1,-0.8232340318365794,linear
ns-3-5g-lena,PDSCH,Table 2,0,100,2792,2880,1,-0.8581158306305668,linear
ns-3-5g-lena,PDSCH,Table 2,0,200,5640,2880,2,-0.8275316028686666,linear
ns-3-5g-lena,PDSCH,Table 2,1,10,456,600,1,0.5157106904126264,linear
ns-3-5g-lena,PDSCH,Table 2,1,100,4488,2400,2,0.3411561315171575,linear
ns-3-5g-lena,PDSCH,Table 2,1,200,8976,3200,3,0.3417430781593388,linear
ns-3-5g-lena,PDSCH,Table 2,2,10,736,800,1,2.026880621374773,linear
ns-3-5g-lena,PDSCH,Table 2,2,100,7168,7744,1,2.0490594172579137,linear
ns-3-5g-lena,PDSCH,Table 2,2,200,14344,7744,2,2.1402713738325683,linear
ns-3-5g-lena,PDSCH,Table 2,3,10,1064,1120,1,3.702868520337647,linear
ns-3-5g-lena,PDSCH,Table 2,3,100,10504,5632,2,3.5702589107314964,linear
ns-3-5g-lena,PDSCH,Table 2,3,200,21000,7040,3,3.6868366241585964,linear
ns-3-5g-lena,PDSCH,Table 2,4,10,1416,1440,1,4.935575597091817,linear
ns-3-5g-lena,PDSCH,Table 2,4,100,14088,7744,2,4.974361416115844,linear
ns-3-5g-lena,PDSCH,Table 2,4,200,28168,7744,4,4.992035695901218,linear
ns-3-5g-lena,PDSCH,Table 2,5,10,1800,1920,1,7.097981430065636,linear
ns-3-5g-lena,PDSCH,Table 2,5,100,17928,6336,3,6.973255315546462,linear
ns-3-5g-lena,PDSCH,Table 2,5,200,35856,7744,5,7.075271590033928,linear
ns-3-5g-lena,PDSCH,Table 2,6,10,2088,2240,1,7.877632849238947,linear
ns-3-5g-lena,PDSCH,Table 2,6,100,20496,7040,3,8.019492706748508,linear
ns-3-5g-lena,PDSCH,Table 2,6,200,40976,8448,5,7.977184263806401,linear
ns-3-5g-lena,PDSCH,Table 2,7,10,2280,2400,1,8.572052641738068,linear
ns-3-5g-lena,PDSCH,Table 2,7,100,23040,7744,3,8.621284855486067,linear
ns-3-5g-lena,PDSCH,Table 2,7,200,46104,7744,6,8.651338533542088,linear
ns-3-5g-lena,PDSCH,Table 2,8,10,2600,2880,1,9.643769356433754,linear
ns-3-5g-lena,PDSCH,Table 2,8,100,26120,7040,4,9.505264937810772,linear
ns-3-5g-lena,PDSCH,Table 2,8,200,52224,7744,7,9.564859992826007,linear
ns-3-5g-lena,PDSCH,Table 2,9,10,2976,3200,1,10.463802792472466,linear
ns-3-5g-lena,PDSCH,Table 2,9,100,28680,7744,4,10.5012923391096,linear
ns-3-5g-lena,PDSCH,Table 2,9,200,57376,8448,7,10.695673930936772,linear
ns-3-5g-lena,PDSCH,Table 2,10,10,3104,3200,1,11.017817826615927,linear
ns-3-5g-lena,PDSCH,Table 2,10,100,30728,7744,4,11.164635454893352,linear
ns-3-5g-lena,PDSCH,Table 2,10,200,61480,7744,8,11.192205639334654,linear
ns-3-5g-lena,PDSCH,Table 2,11,10,3368,3520,1,12.415696651607899,linear
ns-3-5g-lena,PDSCH,Table 2,11,100,32776,8448,4,12.458445686423687,linear
ns-3-5g-lena,PDSCH,Table 2,11,200,65576,8448,8,12.471309893715562,linear
ns-3-5g-lena,PDSCH,Table 2,12,10,3624,3840,1,13.310412578435816,linear
ns-3-5g-lena,PDSCH,Table 2,12,100,35856,7744,5,13.387324996397362,linear
ns-3-5g-lena,PDSCH,Table 2,12,200,71688,8448,9,13.525880198343264,linear
ns-3-5g-lena,PDSCH,Table 2,13,10,3968,4224,1,14.427263557518664,linear
ns-3-5g-lena,PDSCH,Table 2,13,100,39936,8448,5,14.488878197826772,linear
ns-3-5g-lena,PDSCH,Table 2,13,200,79896,8448,10,14.542282115692327,linear
ns-3-5g-lena,PDSCH,Table 2,14,10,4352,4576,1,14.963668131265216,linear
ns-3-5g-lena,PDSCH,Table 2,14,100,43032,7744,6,15.273495489840245,linear
ns-3-5g-lena,PDSCH,Table 2,14,200,86040,8448,11,15.579372978101135,linear
ns-3-5g-lena,PDSCH,Table 2,15,10,4608,4928,1,15.926648021206837,linear
ns-3-5g-lena,PDSCH,Table 2,15,100,47112,8448,6,16.160794863130892,linear
ns-3-5g-lena,PDSCH,Table 2,15,200,94248,8448,12,16.26803127300098,linear
ns-3-5g-lena,PDSCH,Table 2,16,10,4992,5280,1,16.945864721520294,linear
ns-3-5g-lena,PDSCH,Table 2,16,100,50184,8448,6,18.753734613596773,linear
ns-3-5g-lena,PDSCH,Table 2,16,200,100392,8448,12,18.96422329490764,linear
ns-3-5g-lena,PDSCH,Table 2,17,10,5376,5632,1,17.94630640283662,linear
ns-3-5g-lena,PDSCH,Table 2,17,100,54296,8448,7,20.14598357665596,linear
ns-3-5g-lena,PDSCH,Table 2,17,200,108552,8448,13,20.32915640789299,linear
ns-3-5g-lena,PDSCH,Table 2,18,10,5760,6336,1,18.78035402853044,linear
ns-3-5g-lena,PDSCH,Table 2,18,100,57376,8448,7,21.062650094695314,linear
ns-3-5g-lena,PDSCH,Table 2,18,200,114776,8448,14,21.278450596037775,linear
ns-3-5g-lena,PDSCH,Table 2,19,10,6144,6336,1,19.764705520781042,linear
ns-3-5g-lena,PDSCH,Table 2,19,100,61480,7744,8,19.963831743910053,linear
ns-3-5g-lena,PDSCH,Table 2,19,200,122976,8448,15,22.389356122930597,linear
ns-3-5g-lena,PDSCH,Table 2,20,10,6400,7040,1,21.0979726880278,linear
ns-3-5g-lena,PDSCH,Table 2,20,100,63528,8448,8,21.09552503146568,linear
ns-3-5g-lena,PDSCH,Table 2,20,200,127080,8448,16,21.120053949422953,linear
ns-3-5g-lena,PDSCH,Table 2,21,10,6656,7040,1,21.549592725041087,linear
ns-3-5g-lena,PDSCH,Table 2,21,100,67584,7744,9,21.90454612485074,linear
ns-3-5g-lena,PDSCH,Table 2,21,200,135296,8448,17,24.29255761017353,linear
ns-3-5g-lena,PDSCH,Table 2,22,10,7040,7744,1,22.633546133052736,linear
ns-3-5g-lena,PDSCH,Table 2,22,100,71688,8448,9,24.84667371183144,linear
ns-3-5g-lena,PDSCH,Table 2,22,200,143400,8448,18,25.117475751209977,linear
ns-3-5g-lena,PDSCH,Table 2,23,10,7424,7744,1,23.466126256613755,linear
ns-3-5g-lena,PDSCH,Table 2,23,100,73776,8448,9,26.35241373397476,linear
ns-3-5g-lena,PDSCH,Table 2,23,200,147576,8448,18,26.551867008948914,linear
ns-3-5g-lena,PDSCH,Table 2,24,10,7808,8448,1,26.61745058523465,linear
ns-3-5g-lena,PDSCH,Table 2,24,100,77896,8448,10,27.43610492920432,linear
ns-3-5g-lena,PDSCH,Table 2,24,200,155776,8448,19,27.58063486307345,linear
ns-3-5g-lena,PDSCH,Table 2,25,10,8192,8448,1,27.932560001743127,linear
ns-3-5g-lena,PDSCH,Table 2,25,100,83976,8448,10,28.839721633935753,linear
ns-3-5g-lena,PDSCH,Table 2,25,200,167976,8448,20,29.029995064838545,linear
ns-3-5g-lena,PDSCH,Table 2,26,10,8456,4576,2,26.26402656355726,linear
ns-3-5g-lena,PDSCH,Table 2,26,100,86040,8448,11,28.83845123434472,linear
ns-3-5g-lena,PDSCH,Table 2,26,200,172176,8448,21,29.068283790298974,linear
ns-3-5g-lena,PDSCH,Table 2,27,10,8968,4576,2,27.183838326511495,linear
ns-3-5g-lena,PDSCH,Table 2,27,100,88064,8448,11,34.14043049533816,linear
ns-3-5g-lena,PDSCH,Table 2,27,200,176208,8448,21,34.52175990678626,linear
sionna,PDSCH,Table 1,3,10,608,720,1,-1.6520650810849309,linear
sionna,PDSCH,Table 1,3,100,5896,3200,2,-1.6079005225091618,linear
sionna,PDSCH,Table 1,3,200,11784,3200,4,-1.6071460448108983,linear
sionna,PDSCH,Table 1,4,10,736,800,1,-1.5175555017756845,linear
sionna,PDSCH,Table 1,4,100,7168,7744,1,-1.5996076933136638,linear
sionna,PDSCH,Table 1,4,200,14344,7744,2,-1.5920372005193568,linear
sionna,PDSCH,Table 1,5,10,888,960,1,0.1777811836560177,linear
sionna,PDSCH,Table 1,5,100,8968,4576,2,0.17857142857142905,linear
sionna,PDSCH,Table 1,5,200,17928,6336,3,0.17857142857142905,linear
sionna,PDSCH,Table 1,6,10,1064,1120,1,1.3495589447607408,linear
sionna,PDSCH,Table 1,6,100,10504,5632,2,1.6661360821972524,linear
sionna,PDSCH,Table 1,6,200,21000,7040,3,1.789529582275081,linear
sionna,PDSCH,Table 1,7,10,1256,1280,1,1.9642857142857146,linear
sionna,PDSCH,Table 1,7,100,12296,6336,2,1.9642857142857146,linear
sionna,PDSCH,Table 1,7,200,24576,8448,3,1.9642857142857146,linear
sionna,PDSCH,Table 1,8,10,1416,1440,1,3.456303028688286,linear
sionna,PDSCH,Table 1,8,100,14088,7744,2,3.6417802164313873,linear
sionna,PDSCH,Table 1,8,200,28168,7744,4,3.7203514036751644,linear
sionna,PDSCH,Table 1,9,10,1608,1760,1,3.750514450332883,linear
sionna,PDSCH,Table 1,9,100,15880,8448,2,3.75,linear
sionna,PDSCH,Table 1,9,200,31752,8448,4,3.75,linear
sionna,PDSCH,Table 1,10,10,1608,1760,1,3.7581843244343975,linear
sionna,PDSCH,Table 1,10,100,15880,8448,2,3.75860583650559,linear
sionna,PDSCH,Table 1,10,200,31752,8448,4,3.767257755051511,linear
sionna,PDSCH,Table 1,11,10,1800,1920,1,5.359967937041707,linear
sionna,PDSCH,Table 1,11,100,17928,6336,3,5.51206905422808,linear
sionna,PDSCH,Table 1,11,200,35856,7744,5,5.530577724841137,linear
sionna,PDSCH,Table 1,12,10,2088,2240,1,5.5367864290364475,linear
sionna,PDSCH,Table 1,12,100,20496,7040,3,5.538932861875011,linear
sionna,PDSCH,Table 1,12,200,40976,8448,5,5.541082159488453,linear
sionna,PDSCH,Table 1,13,10,2280,2400,1,7.195616871159229,linear
sionna,PDSCH,Table 1,13,100,23040,7744,3,7.307860503397046,linear
sionna,PDSCH,Table 1,13,200,46104,7744,6,7.320533648237802,linear
sionna,PDSCH,Table 1,14,10,2600,2880,1,7.3219644643395165,linear
sionna,PDSCH,Table 1,14,100,26120,7040,4,7.323573215453896,linear
sionna,PDSCH,Table 1,14,200,52224,7744,7,7.325183576392471,linear
sionna,PDSCH,Table 1,15,10,2976,3200,1,9.079670331559742,linear
sionna,PDSCH,Table 1,15,100,28680,7744,4,9.10708640192391,linear
sionna,PDSCH,Table 1,15,200,57376,8448,7,9.107142723365296,linear
sionna,PDSCH,Table 1,16,10,3104,3200,1,9.107142857142858,linear
sionna,PDSCH,Table 1,16,100,30728,7744,4,9.107142857142858,linear
sionna,PDSCH,Table 1,16,200,61480,7744,8,9.107142857142858,linear
sionna,PDSCH,Table 1,17,10,3104,3200,1,9.165433012840442,linear
sionna,PDSCH,Table 1,17,100,30728,7744,4,9.72696667795178,linear
sionna,PDSCH,Table 1,17,200,61480,7744,8,10.35137914212211,linear
sionna,PDSCH,Table 1,18,10,3368,3520,1,10.820640131978587,linear
sionna,PDSCH,Table 1,18,100,32776,8448,4,10.893743375839685,linear
sionna,PDSCH,Table 1,18,200,65576,8448,8,10.897140550832003,linear
sionna,PDSCH,Table 1,19,10,3624,3840,1,10.899311532149452,linear
sionna,PDSCH,Table 1,19,100,35856,7744,5,10.92538934485833,linear
sionna,PDSCH,Table 1,19,200,71688,8448,9,10.951888608655565,linear
sionna,PDSCH,Table 1,20,10,3968,4224,1,12.664666806471569,linear
sionna,PDSCH,Table 1,20,100,39936,8448,5,12.681252262534755,linear
sionna,PDSCH,Table 1,20,200,79896,8448,10,12.683938405908016,linear
sionna,PDSCH,Table 1,21,10,4352,4576,1,12.72713893116589,linear
sionna,PDSCH,Table 1,21,100,43032,7744,6,13.551258987252448,linear
sionna,PDSCH,Table 1,21,200,86040,8448,11,14.003439994269813,linear
sionna,PDSCH,Table 1,22,10,4608,4928,1,14.461495538939698,linear
sionna,PDSCH,Table 1,22,100,47112,8448,6,14.467503753294658,linear
sionna,PDSCH,Table 1,22,200,94248,8448,12,14.470728235910343,linear
sionna,PDSCH,Table 1,23,10,4992,5280,1,14.562635808023705,linear
sionna,PDSCH,Table 1,23,100,50184,8448,6,15.832919535277991,linear
sionna,PDSCH,Table 1,23,200,100392,8448,12,16.078230911478318,linear
sionna,PDSCH,Table 1,24,10,5376,5632,1,16.24758687491931,linear
sionna,PDSCH,Table 1,24,100,54296,8448,7,16.24999999999999,linear
sionna,PDSCH,Table 1,24,200,108552,8448,13,16.25,linear
sionna,PDSCH,Table 1,25,10,5760,6336,1,17.004998357028008,linear
sionna,PDSCH,Table 1,25,100,57376,8448,7,17.94903275727871,linear
sionna,PDSCH,Table 1,25,200,114776,8448,14,18.01436460933211,linear
sionna,PDSCH,Table 1,26,10,6144,6336,1,18.03702731128347,linear
sionna,PDSCH,Table 1,26,100,61480,7744,8,18.048629479719267,linear
sionna,PDSCH,Table 1,26,200,122976,8448,15,18.06001538467154,linear
sionna,PDSCH,Table 1,27,10,6400,7040,1,19.305169536698795,linear
sionna,PDSCH,Table 1,27,100,63528,8448,8,19.80314518885264,linear
sionna,PDSCH,Table 1,27,200,127080,8448,16,19.819874769787717,linear
sionna,PDSCH,Table 1,28,10,6656,7040,1,19.828423166698915,linear
sionna,PDSCH,Table 1,28,100,67584,7744,9,19.88548703661349,linear
sionna,PDSCH,Table 1,28,200,135296,8448,17,19.944568259662862,linear
sionna,PDSCH,Table 2,2,10,736,800,1,-0.6853611363399046,linear
sionna,PDSCH,Table 2,2,100,7168,7744,1,-0.6680162091820985,linear
sionna,PDSCH,Table 2,2,200,14344,7744,2,-0.5146226840834409,linear
sionna,PDSCH,Table 2,3,10,1064,1120,1,1.1521001310532868,linear
sionna,PDSCH,Table 2,3,100,10504,5632,2,1.1578942982452325,linear
sionna,PDSCH,Table 2,3,200,21000,7040,3,1.1578947361111134,linear
sionna,PDSCH,Table 2,4,10,1416,1440,1,2.7379039507279783,linear
sionna,PDSCH,Table 2,4,100,14088,7744,2,2.7368421052631584,linear
sionna,PDSCH,Table 2,4,200,28168,7744,4,2.7368421052631584,linear
sionna,PDSCH,Table 2,5,10,1800,1920,1,4.329853618743225,linear
sionna,PDSCH,Table 2,5,100,17928,6336,3,4.351916224345773,linear
sionna,PDSCH,Table 2,5,200,35856,7744,5,4.3765095363116115,linear
sionna,PDSCH,Table 2,6,10,2088,2240,1,5.888727003639249,linear
sionna,PDSCH,Table 2,6,100,20496,7040,3,5.894729058080118,linear
sionna,PDSCH,Table 2,6,200,40976,8448,5,5.894736831640575,linear
sionna,PDSCH,Table 2,7,10,2280,2400,1,6.052631602475517,linear
sionna,PDSCH,Table 2,7,100,23040,7744,3,7.048941549831943,linear
sionna,PDSCH,Table 2,7,200,46104,7744,6,7.294599538023901,linear
sionna,PDSCH,Table 2,8,10,2600,2880,1,7.473684210526316,linear
sionna,PDSCH,Table 2,8,100,26120,7040,4,7.473684210526316,linear
sionna,PDSCH,Table 2,8,200,52224,7744,7,7.473684210526316,linear
sionna,PDSCH,Table 2,9,10,2976,3200,1,8.980023051128828,linear
sionna,PDSCH,Table 2,9,100,28680,7744,4,9.051061552623004,linear
sionna,PDSCH,Table 2,9,200,57376,8448,7,9.052582974593456,linear
sionna,PDSCH,Table 2,10,10,3104,3200,1,9.053105421100204,linear
sionna,PDSCH,Table 2,10,100,30728,7744,4,9.054527895769763,linear
sionna,PDSCH,Table 2,10,200,61480,7744,8,9.056426743122982,linear
sionna,PDSCH,Table 2,11,10,3368,3520,1,10.595227085479445,linear
sionna,PDSCH,Table 2,11,100,32776,8448,4,10.63138504030884,linear
sionna,PDSCH,Table 2,11,200,65576,8448,8,10.631578709818879,linear
sionna,PDSCH,Table 2,12,10,3624,3840,1,10.731995942165092,linear
sionna,PDSCH,Table 2,12,100,35856,7744,5,11.82249059563073,linear
sionna,PDSCH,Table 2,12,200,71688,8448,9,12.024494155674525,linear
sionna,PDSCH,Table 2,13,10,3968,4224,1,12.210262718817837,linear
sionna,PDSCH,Table 2,13,100,39936,8448,5,12.21052631578947,linear
sionna,PDSCH,Table 2,13,200,79896,8448,10,12.210526315789474,linear
sionna,PDSCH,Table 2,14,10,4352,4576,1,13.613596460957996,linear
sionna,PDSCH,Table 2,14,100,43032,7744,6,13.788870912761816,linear
sionna,PDSCH,Table 2,14,200,86040,8448,11,13.794557758938657,linear
sionna,PDSCH,Table 2,15,10,4608,4928,1,13.807704609572518,linear
sionna,PDSCH,Table 2,15,100,47112,8448,6,13.90242814298891,linear
sionna,PDSCH,Table 2,15,200,94248,8448,12,14.413168209923752,linear
sionna,PDSCH,Table 2,16,10,4992,5280,1,15.34325830389134,linear
sionna,PDSCH,Table 2,16,100,50184,8448,6,15.371265306808164,linear
sionna,PDSCH,Table 2,16,200,100392,8448,12,15.37411759805943,linear
sionna,PDSCH,Table 2,17,10,5376,5632,1,15.562317790715289,linear
sionna,PDSCH,Table 2,17,100,54296,8448,7,16.807526116782117,linear
sionna,PDSCH,Table 2,17,200,108552,8448,13,16.895922665832376,linear
sionna,PDSCH,Table 2,18,10,5760,6336,1,16.94673003414668,linear
sionna,PDSCH,Table 2,18,100,57376,8448,7,16.954017719566576,linear
sionna,PDSCH,Table 2,18,200,114776,8448,14,16.960698131052514,linear
sionna,PDSCH,Table 2,19,10,6144,6336,1,18.44222624556729,linear
sionna,PDSCH,Table 2,19,100,61480,7744,8,18.526282208077827,linear
sionna,PDSCH,Table 2,19,200,122976,8448,15,18.526315768929432,linear
sionna,PDSCH,Table 2,20,10,6400,7040,1,18.642090086568626,linear
sionna,PDSCH,Table 2,20,100,63528,8448,8,19.924023306565886,linear
sionna,PDSCH,Table 2,20,200,127080,8448,16,20.042139604514063,linear
sionna,PDSCH,Table 2,21,10,6656,7040,1,19.933586330976837,linear
sionna,PDSCH,Table 2,21,100,67584,7744,9,20.10481600780595,linear
sionna,PDSCH,Table 2,21,200,135296,8448,17,20.105260740612458,linear
sionna,PDSCH,Table 2,22,10,7040,7744,1,20.16139621215153,linear
sionna,PDSCH,Table 2,22,100,71688,8448,9,21.305727468937512,linear
sionna,PDSCH,Table 2,22,200,143400,8448,18,21.52762996603486,linear
sionna,PDSCH,Table 2,23,10,7424,7744,1,21.677015745441313,linear
sionna,PDSCH,Table 2,23,100,73776,8448,9,21.70137739993988,linear
sionna,PDSCH,Table 2,23,200,147576,8448,18,21.718751656137535,linear
sionna,PDSCH,Table 2,24,10,7808,8448,1,22.96841094723796,linear
sionna,PDSCH,Table 2,24,100,77896,8448,10,23.265740064038113,linear
sionna,PDSCH,Table 2,24,200,155776,8448,19,23.272143667568088,linear
sionna,PDSCH,Table 2,25,10,8192,8448,1,23.317757010076477,linear
sionna,PDSCH,Table 2,25,100,83976,8448,10,24.497305389088034,linear
sionna,PDSCH,Table 2,25,200,167976,8448,20,24.701824759549496,linear
sionna,PDSCH,Table 2,26,10,8456,4576,2,24.837589398850472,linear
sionna,PDSCH,Table 2,26,100,86040,8448,11,24.852568117779082,linear
sionna,PDSCH,Table 2,26,200,172176,8448,21,24.862146643197534,linear
sionna,PDSCH,Table 2,27,10,8968,4576,2,,out_of_range
sionna,PDSCH,Table 2,27,100,88064,8448,11,,out_of_range
sionna,PDSCH,Table 2,27,200,176208,8448,21,,out_of_range
sionna,PDSCH,Table 3,9,10,608,720,1,-2.0134692286368825,linear
sionna,PDSCH,Table 3,9,100,5896,3200,2,-2.0,linear
sionna,PDSCH,Table 3,9,200,11784,3200,4,-2.0,linear
sionna,PDSCH,Table 3,10,10,736,800,1,-0.6782022659597122,linear
sionna,PDSCH,Table 3,10,100,7168,7744,1,-0.6578947309600682,linear
sionna,PDSCH,Table 3,10,200,14344,7744,2,-0.5098684182954267,linear
sionna,PDSCH,Table 3,11,10,888,960,1,-0.39179057567107956,linear
sionna,PDSCH,Table 3,11,100,8968,4576,2,-0.4096156338363044,linear
sionna,PDSCH,Table 3,11,200,17928,6336,3,-0.40386266316307373,linear
sionna,PDSCH,Table 3,12,10,1064,1120,1,1.151098486618898,linear
sionna,PDSCH,Table 3,12,100,10504,5632,2,1.1578942982452325,linear
sionna,PDSCH,Table 3,12,200,21000,7040,3,1.1578947361111134,linear
sionna,PDSCH,Table 3,13,10,1256,1280,1,2.292016952826108,linear
sionna,PDSCH,Table 3,13,100,12296,6336,2,2.515332744368421,linear
sionna,PDSCH,Table 3,13,200,24576,8448,3,2.609675316033494,linear
sionna,PDSCH,Table 3,14,10,1416,1440,1,2.7379039507279783,linear
sionna,PDSCH,Table 3,14,100,14088,7744,2,2.7368421052631584,linear
sionna,PDSCH,Table 3,14,200,28168,7744,4,2.7368421052631584,linear
sionna,PDSCH,Table 3,15,10,1608,1760,1,4.303170451461628,linear
sionna,PDSCH,Table 3,15,100,15880,8448,2,4.315444863327301,linear
sionna,PDSCH,Table 3,15,200,31752,8448,4,4.315788724829787,linear
sionna,PDSCH,Table 3,16,10,1800,1920,1,4.33359291957314,linear
sionna,PDSCH,Table 3,16,100,17928,6336,3,4.365221464678978,linear
sionna,PDSCH,Table 3,16,200,35856,7744,5,4.399127761514951,linear
sionna,PDSCH,Table 3,17,10,2088,2240,1,5.886134490832502,linear
sionna,PDSCH,Table 3,17,100,20496,7040,3,5.894715062041479,linear
sionna,PDSCH,Table 3,17,200,40976,8448,5,5.894736783972567,linear
sionna,PDSCH,Table 3,18,10,2280,2400,1,6.123030485011299,linear
sionna,PDSCH,Table 3,18,100,23040,7744,3,7.072226493244477,linear
sionna,PDSCH,Table 3,18,200,46104,7744,6,7.30594212831112,linear
sionna,PDSCH,Table 3,19,10,2600,2880,1,7.473684210526316,linear
sionna,PDSCH,Table 3,19,100,26120,7040,4,7.473684210526316,linear
sionna,PDSCH,Table 3,19,200,52224,7744,7,7.473684210526316,linear
sionna,PDSCH,Table 3,20,10,2976,3200,1,8.99715505253645,linear
sionna,PDSCH,Table 3,20,100,28680,7744,4,9.051906725595233,linear
sionna,PDSCH,Table 3,20,200,57376,8448,7,9.052618896126424,linear
sionna,PDSCH,Table 3,21,10,3104,3200,1,9.152505776249837,linear
sionna,PDSCH,Table 3,21,100,30728,7744,4,10.125794034254394,linear
sionna,PDSCH,Table 3,21,200,61480,7744,8,10.412830653138649,linear
sionna,PDSCH,Table 3,22,10,3368,3520,1,10.59407743601235,linear
sionna,PDSCH,Table 3,22,100,32776,8448,4,10.633252378245771,linear
sionna,PDSCH,Table 3,22,200,65576,8448,8,10.635373797863798,linear
sionna,PDSCH,Table 3,23,10,3624,3840,1,10.744036345099984,linear
sionna,PDSCH,Table 3,23,100,35856,7744,5,11.869842989491735,linear
sionna,PDSCH,Table 3,23,200,71688,8448,9,12.050173228393577,linear
sionna,PDSCH,Table 3,24,10,3968,4224,1,12.208662467406015,linear
sionna,PDSCH,Table 3,24,100,39936,8448,5,12.210526315755347,linear
sionna,PDSCH,Table 3,24,200,79896,8448,10,12.210526315789474,linear
sionna,PDSCH,Table 3,25,10,4352,4576,1,13.615909998965451,linear
sionna,PDSCH,Table 3,25,100,43032,7744,6,13.786150205230868,linear
sionna,PDSCH,Table 3,25,200,86040,8448,11,13.78934543694736,linear
sionna,PDSCH,Table 3,26,10,4608,4928,1,13.815521490979487,linear
sionna,PDSCH,Table 3,26,100,47112,8448,6,13.997144067980715,linear
sionna,PDSCH,Table 3,26,200,94248,8448,12,14.720107374596166,linear
sionna,PDSCH,Table 3,27,10,4992,5280,1,15.339088822263204,linear
sionna,PDSCH,Table 3,27,100,50184,8448,6,15.368418717914912,linear
sionna,PDSCH,Table 3,27,200,100392,8448,12,15.368421052597059,linear
sionna,PDSCH,Table 3,28,10,5376,5632,1,15.567327438302176,linear
sionna,PDSCH,Table 3,28,100,54296,8448,7,16.808209228089677,linear
sionna,PDSCH,Table 3,28,200,108552,8448,13,16.89625068638686,linear
sionna,PDSCH,Table 4,2,10,2088,2240,1,1.157366661304452,linear
sionna,PDSCH,Table 4,2,100,21000,7040,3,1.1578947309941685,linear
sionna,PDSCH,Table 4,2,200,42016,8448,5,1.1578947368420405,linear
sionna,PDSCH,Table 4,3,10,1800,1920,1,4.3318467816017305,linear
sionna,PDSCH,Table 4,3,100,17928,6336,3,4.356333400313517,linear
sionna,PDSCH,Table 4,3,200,35856,7744,5,4.384003308378688,linear
sionna,PDSCH,Table 4,4,10,2280,2400,1,6.088633580188972,linear
sionna,PDSCH,Table 4,4,100,23040,7744,3,7.060851638989446,linear
sionna,PDSCH,Table 4,4,200,46104,7744,6,7.300404743152833,linear
sionna,PDSCH,Table 4,5,10,2976,3200,1,8.992525695185895,linear
sionna,PDSCH,Table 4,5,100,28680,7744,4,9.051713834724408,linear
sionna,PDSCH,Table 4,5,200,57376,8448,7,9.052612452467006,linear
sionna,PDSCH,Table 4,6,10,3368,3520,1,10.595907460222204,linear
sionna,PDSCH,Table 4,6,100,32776,8448,4,10.631396626915038,linear
sionna,PDSCH,Table 4,6,200,65576,8448,8,10.63157873732875,linear
sionna,PDSCH,Table 4,7,10,3624,3840,1,10.737992422700085,linear
sionna,PDSCH,Table 4,7,100,35856,7744,5,11.847426340514321,linear
sionna,PDSCH,Table 4,7,200,71688,8448,9,12.038033589548226,linear
sionna,PDSCH,Table 4,8,10,3968,4224,1,12.209732875661306,linear
sionna,PDSCH,Table 4,8,100,39936,8448,5,12.21052631578898,linear
sionna,PDSCH,Table 4,8,200,79896,8448,10,12.210526315789474,linear
sionna,PDSCH,Table 4,9,10,4352,4576,1,13.602756899810979,linear
sionna,PDSCH,Table 4,9,100,43032,7744,6,13.785375248664902,linear
sionna,PDSCH,Table 4,9,200,86040,8448,11,13.789286930063277,linear
sionna,PDSCH,Table 4,10,10,4608,4928,1,13.808190689880943,linear
sionna,PDSCH,Table 4,10,100,47112,8448,6,13.90553919284209,linear
sionna,PDSCH,Table 4,10,200,94248,8448,12,14.439750746161625,linear
sionna,PDSCH,Table 4,11,10,4992,5280,1,15.33945811906414,linear
sionna,PDSCH,Table 4,11,100,50184,8448,6,15.368418863038638,linear
sionna,PDSCH,Table 4,11,200,100392,8448,12,15.368421052601217,linear
sionna,PDSCH,Table 4,12,10,5376,5632,1,15.629611422393044,linear
sionna,PDSCH,Table 4,12,100,54296,8448,7,16.81668325582939,linear
sionna,PDSCH,Table 4,12,200,108552,8448,13,16.900297870710492,linear
sionna,PDSCH,Table 4,13,10,5760,6336,1,16.947791165151045,linear
sionna,PDSCH,Table 4,13,100,57376,8448,7,16.954017719566576,linear
sionna,PDSCH,Table 4,13,200,114776,8448,14,16.960698131052514,linear
sionna,PDSCH,Table 4,14,10,6144,6336,1,18.448775906397035,linear
sionna,PDSCH,Table 4,14,100,61480,7744,8,18.530088552510623,linear
sionna,PDSCH,Table 4,14,200,122976,8448,15,18.533440026154434,linear
sionna,PDSCH,Table 4,15,10,6400,7040,1,18.636569867843825,linear
sionna,PDSCH,Table 4,15,100,63528,8448,8,19.91957239573079,linear
sionna,PDSCH,Table 4,15,200,127080,8448,16,20.047172071412362,linear
sionna,PDSCH,Table 4,16,10,6656,7040,1,19.969673247003275,linear
sionna,PDSCH,Table 4,16,100,67584,7744,9,20.10511160571475,linear
sionna,PDSCH,Table 4,16,200,135296,8448,17,20.10526284363966,linear
sionna,PDSCH,Table 4,17,10,7040,7744,1,20.149213238271034,linear
sionna,PDSCH,Table 4,17,100,71688,8448,9,21.183576518480407,linear
sionna,PDSCH,Table 4,17,200,143400,8448,18,21.467990319741705,linear
sionna,PDSCH,Table 4,18,10,7424,7744,1,21.678804315899352,linear
sionna,PDSCH,Table 4,18,100,73776,8448,9,21.714403788046205,linear
sionna,PDSCH,Table 4,18,200,147576,8448,18,21.745238569334013,linear
sionna,PDSCH,Table 4,19,10,7808,8448,1,23.01134573368789,linear
sionna,PDSCH,Table 4,19,100,77896,8448,10,23.26193396816107,linear
sionna,PDSCH,Table 4,19,200,155776,8448,19,23.263142693654057,linear
sionna,PDSCH,Table 4,20,10,8192,8448,1,23.311146580152002,linear
sionna,PDSCH,Table 4,20,100,83976,8448,10,24.441277851634545,linear
sionna,PDSCH,Table 4,20,200,167976,8448,20,24.67466981162465,linear
sionna,PDSCH,Table 4,21,10,8456,4576,2,24.836374705116693,linear
sionna,PDSCH,Table 4,21,100,86040,8448,11,24.84210526160095,linear
sionna,PDSCH,Table 4,21,200,172176,8448,21,24.842105263157894,linear
sionna,PDSCH,Table 4,22,10,8968,4576,2,,out_of_range
sionna,PDSCH,Table 4,22,100,88064,8448,11,,out_of_range
sionna,PDSCH,Table 4,22,200,176208,8448,21,,out_of_range
sionna,PDSCH,Table 4,23,10,9480,4928,2,,out_of_range
sionna,PDSCH,Table 4,23,100,94248,8448,12,,out_of_range
sionna,PDSCH,Table 4,23,200,188576,8448,23,,out_of_range
sionna,PDSCH,Table 4,24,10,9992,5280,2,,out_of_range
sionna,PDSCH,Table 4,24,100,100392,8448,12,,out_of_range
sionna,PDSCH,Table 4,24,200,200808,8448,24,,out_of_range
sionna,PDSCH,Table 4,25,10,10504,5632,2,,out_of_range
sionna,PDSCH,Table 4,25,100,106576,8448,13,,out_of_range
sionna,PDSCH,Table 4,25,200,213176,8448,26,,out_of_range
sionna,PDSCH,Table 4,26,10,11016,5632,2,,out_of_range
sionna,PDSCH,Table 4,26,100,110632,8448,14,,out_of_range
sionna,PDSCH,Table 4,26,200,221376,8448,27,,out_of_range
sionna,PUSCH,Table 1,3,10,608,720,1,-1.6579993940486266,linear
sionna,PUSCH,Table 1,3,100,5896,3200,2,-1.607788036984418,linear
sionna,PUSCH,Table 1,3,200,11784,3200,4,-1.6071451714589327,linear
sionna,PUSCH,Table 1,4,10,736,800,1,-1.5179136891623133,linear
sionna,PUSCH,Table 1,4,100,7168,7744,1,-1.597983813039811,linear
sionna,PUSCH,Table 1,4,200,14344,7744,2,-1.5887725719036832,linear
sionna,PUSCH,Table 1,5,10,888,960,1,0.17770006909348357,linear
sionna,PUSCH,Table 1,5,100,8968,4576,2,0.17857142857142905,linear
sionna,PUSCH,Table 1,5,200,17928,6336,3,0.17857142857142905,linear
sionna,PUSCH,Table 1,6,10,1064,1120,1,1.355331567320509,linear
sionna,PUSCH,Table 1,6,100,10504,5632,2,1.6735496371052787,linear
sionna,PUSCH,Table 1,6,200,21000,7040,3,1.7943582764363093,linear
sionna,PUSCH,Table 1,7,10,1256,1280,1,1.9644573902705922,linear
sionna,PUSCH,Table 1,7,100,12296,6336,2,1.9642857142857146,linear
sionna,PUSCH,Table 1,7,200,24576,8448,3,1.9642857142857146,linear
sionna,PUSCH,Table 1,8,10,1416,1440,1,3.48867642648631,linear
sionna,PUSCH,Table 1,8,100,14088,7744,2,3.6636873373226257,linear
sionna,PUSCH,Table 1,8,200,28168,7744,4,3.7287871736991507,linear
sionna,PUSCH,Table 1,9,10,1608,1760,1,3.7503718451684636,linear
sionna,PUSCH,Table 1,9,100,15880,8448,2,3.75,linear
sionna,PUSCH,Table 1,9,200,31752,8448,4,3.75,linear
sionna,PUSCH,Table 1,10,10,1608,1760,1,3.757773128926951,linear
sionna,PUSCH,Table 1,10,100,15880,8448,2,3.757526331636227,linear
sionna,PUSCH,Table 1,10,200,31752,8448,4,3.7650879094658123,linear
sionna,PUSCH,Table 1,11,10,1800,1920,1,5.344897072131416,linear
sionna,PUSCH,Table 1,11,100,17928,6336,3,5.507894747921512,linear
sionna,PUSCH,Table 1,11,200,35856,7744,5,5.52915415486332,linear
sionna,PUSCH,Table 1,12,10,2088,2240,1,5.536250178625232,linear
sionna,PUSCH,Table 1,12,100,20496,7040,3,5.537322500578301,linear
sionna,PUSCH,Table 1,12,200,40976,8448,5,5.538395537770264,linear
sionna,PUSCH,Table 1,13,10,2280,2400,1,7.215424017131617,linear
sionna,PUSCH,Table 1,13,100,23040,7744,3,7.311695745122668,linear
sionna,PUSCH,Table 1,13,200,46104,7744,6,7.320950237233102,linear
sionna,PUSCH,Table 1,14,10,2600,2880,1,7.323574289505884,linear
sionna,PUSCH,Table 1,14,100,26120,7040,4,7.33002864770479,linear
sionna,PUSCH,Table 1,14,200,52224,7744,7,7.336508892335998,linear
sionna,PUSCH,Table 1,15,10,2976,3200,1,9.081243184668756,linear
sionna,PUSCH,Table 1,15,100,28680,7744,4,9.107096876701986,linear
sionna,PUSCH,Table 1,15,200,57376,8448,7,9.107142763720988,linear
sionna,PUSCH,Table 1,16,10,3104,3200,1,9.107678750053804,linear
sionna,PUSCH,Table 1,16,100,30728,7744,4,9.109287501168183,linear
sionna,PUSCH,Table 1,16,200,61480,7744,8,9.111435007103372,linear
sionna,PUSCH,Table 1,17,10,3104,3200,1,10.813563690849477,linear
sionna,PUSCH,Table 1,17,100,30728,7744,4,10.89124615257682,linear
sionna,PUSCH,Table 1,17,200,61480,7744,8,10.892842866818778,linear
sionna,PUSCH,Table 1,18,10,3368,3520,1,10.903100589621278,linear
sionna,PUSCH,Table 1,18,100,32776,8448,4,10.93422432904,linear
sionna,PUSCH,Table 1,18,200,65576,8448,8,10.976656289324971,linear
sionna,PUSCH,Table 1,19,10,3624,3840,1,12.660189082017846,linear
sionna,PUSCH,Table 1,19,100,35856,7744,5,12.678570163840185,linear
sionna,PUSCH,Table 1,19,200,71688,8448,9,12.678571428475458,linear
sionna,PUSCH,Table 1,20,10,3968,4224,1,12.72260274082143,linear
sionna,PUSCH,Table 1,20,100,39936,8448,5,13.23021288098185,linear
sionna,PUSCH,Table 1,20,200,79896,8448,10,13.888880144618836,linear
sionna,PUSCH,Table 1,21,10,4352,4576,1,14.45716761129627,linear
sionna,PUSCH,Table 1,21,100,43032,7744,6,14.464285713719118,linear
sionna,PUSCH,Table 1,21,200,86040,8448,11,14.464285714285714,linear
sionna,PUSCH,Table 1,22,10,4608,4928,1,14.567475803004843,linear
sionna,PUSCH,Table 1,22,100,47112,8448,6,15.855486373383144,linear
sionna,PUSCH,Table 1,22,200,94248,8448,12,16.089147154173443,linear
sionna,PUSCH,Table 1,23,10,4992,5280,1,16.248196249933816,linear
sionna,PUSCH,Table 1,23,100,50184,8448,6,16.249999999999822,linear
sionna,PUSCH,Table 1,23,200,100392,8448,12,16.25,linear
sionna,PUSCH,Table 1,24,10,5376,5632,1,17.04715217238621,linear
sionna,PUSCH,Table 1,24,100,54296,8448,7,17.95445462719951,linear
sionna,PUSCH,Table 1,24,200,108552,8448,13,18.01240195250899,linear
sionna,PUSCH,Table 1,25,10,5760,6336,1,18.037565076439613,linear
sionna,PUSCH,Table 1,25,100,57376,8448,7,18.050794606621714,linear
sionna,PUSCH,Table 1,25,200,114776,8448,14,18.06601643086698,linear
sionna,PUSCH,Table 1,26,10,6144,6336,1,19.27042799872823,linear
sionna,PUSCH,Table 1,26,100,61480,7744,8,19.800290255307456,linear
sionna,PUSCH,Table 1,26,200,122976,8448,15,19.818739756369308,linear
sionna,PUSCH,Table 1,27,10,6400,7040,1,19.826763535619047,linear
sionna,PUSCH,Table 1,27,100,63528,8448,8,19.869358888275762,linear
sionna,PUSCH,Table 1,27,200,127080,8448,16,19.918718645737314,linear
sionna,PUSCH,Table 2,9,10,2976,3200,1,-1.6205837158811591,linear
sionna,PUSCH,Table 2,9,100,28680,7744,4,-1.6071471447440497,linear
sionna,PUSCH,Table 2,9,200,57376,8448,7,-1.6071428586134684,linear
sionna,PUSCH,Table 2,10,10,3104,3200,1,-1.601228313497204,linear
sionna,PUSCH,Table 2,10,100,30728,7744,4,-1.5833537630299712,linear
sionna,PUSCH,Table 2,10,200,61480,7744,8,-1.5592125402956645,linear
sionna,PUSCH,Table 2,11,10,3368,3520,1,0.17857142857142905,linear
sionna,PUSCH,Table 2,11,100,32776,8448,4,0.17857142857142905,linear
sionna,PUSCH,Table 2,11,200,65576,8448,8,0.17857142857142905,linear
sionna,PUSCH,Table 2,12,10,3624,3840,1,1.257086168952749,linear
sionna,PUSCH,Table 2,12,100,35856,7744,5,1.8785354556826315,linear
sionna,PUSCH,Table 2,12,200,71688,8448,9,1.9371720963177306,linear
sionna,PUSCH,Table 2,13,10,3968,4224,1,1.9642857142857146,linear
sionna,PUSCH,Table 2,13,100,39936,8448,5,1.9642857142857146,linear
sionna,PUSCH,Table 2,13,200,79896,8448,10,1.9642857142857146,linear
sionna,PUSCH,Table 2,14,10,4352,4576,1,3.47955234586206,linear
sionna,PUSCH,Table 2,14,100,43032,7744,6,3.741047004575856,linear
sionna,PUSCH,Table 2,14,200,86040,8448,11,3.7493216383616295,linear
sionna,PUSCH,Table 2,15,10,4608,4928,1,3.75,linear
sionna,PUSCH,Table 2,15,100,47112,8448,6,3.75,linear
sionna,PUSCH,Table 2,15,200,94248,8448,12,3.75,linear
sionna,PUSCH,Table 2,16,10,4992,5280,1,5.343665758607553,linear
sionna,PUSCH,Table 2,16,100,50184,8448,6,5.532188992763532,linear
sionna,PUSCH,Table 2,16,200,100392,8448,12,5.535647334116849,linear
sionna,PUSCH,Table 2,17,10,5376,5632,1,5.5367864290364475,linear
sionna,PUSCH,Table 2,17,100,54296,8448,7,5.543234325700295,linear
sionna,PUSCH,Table 2,17,200,108552,8448,13,5.549708074238038,linear
sionna,PUSCH,Table 2,18,10,5760,6336,1,7.216052506034124,linear
sionna,PUSCH,Table 2,18,100,57376,8448,7,7.321255286506524,linear
sionna,PUSCH,Table 2,18,200,114776,8448,14,7.3214284035993735,linear
sionna,PUSCH,Table 2,19,10,6144,6336,1,7.324649298750478,linear
sionna,PUSCH,Table 2,19,100,61480,7744,8,7.347375838341621,linear
sionna,PUSCH,Table 2,19,200,122976,8448,15,7.370423110223763,linear
sionna,PUSCH,Table 2,20,10,6400,7040,1,9.080852226914834,linear
sionna,PUSCH,Table 2,20,100,63528,8448,8,9.107142844004905,linear
sionna,PUSCH,Table 2,20,200,127080,8448,16,9.107142857142858,linear
sionna,PUSCH,Table 2,21,10,6656,7040,1,9.107142857142858,linear
sionna,PUSCH,Table 2,21,100,67584,7744,9,9.107142857142858,linear
sionna,PUSCH,Table 2,21,200,135296,8448,17,9.107142857142858,linear
sionna,PUSCH,Table 2,22,10,7040,7744,1,9.249429812478562,linear
sionna,PUSCH,Table 2,22,100,71688,8448,9,10.737001144963154,linear
sionna,PUSCH,Table 2,22,200,143400,8448,18,10.843312143225004,linear
sionna,PUSCH,Table 2,23,10,7424,7744,1,10.89255902723446,linear
sionna,PUSCH,Table 2,23,100,73776,8448,9,10.892857142857144,linear
sionna,PUSCH,Table 2,23,200,147576,8448,18,10.892857142857144,linear
sionna,PUSCH,Table 2,24,10,7808,8448,1,12.659096904897389,linear
sionna,PUSCH,Table 2,24,100,77896,8448,10,12.678571428556335,linear
sionna,PUSCH,Table 2,24,200,155776,8448,19,12.678571428571429,linear
sionna,PUSCH,Table 2,25,10,8192,8448,1,12.71304538110996,linear
sionna,PUSCH,Table 2,25,100,83976,8448,10,13.709035524345065,linear
sionna,PUSCH,Table 2,25,200,167976,8448,20,14.126583760732949,linear
sionna,PUSCH,Table 2,26,10,8456,4576,2,14.464174037557909,linear
sionna,PUSCH,Table 2,26,100,86040,8448,11,14.464285714285714,linear
sionna,PUSCH,Table 2,26,200,172176,8448,21,14.464285714285714,linear
sionna,PUSCH,Table 2,27,10,8968,4576,2,16.251040382446554,linear
sionna,PUSCH,Table 2,27,100,88064,8448,11,16.25590465983747,linear
sionna,PUSCH,Table 2,27,200,176208,8448,21,16.261291355506476,linear
